epoch,train_loss,val_loss,train_acc,val_acc,val_sensitivity,val_specificity,val_auroc,lr,elapsed_s
1,0.7100,0.3470,0.8570,0.9607,0.8900,0.9682,0.9850,4.97e-05,114.8
2,0.3737,0.6223,0.9648,0.9761,0.8100,0.9936,0.9889,4.88e-05,104.4
3,0.3161,0.3610,0.9750,0.9756,0.8950,0.9841,0.9900,4.73e-05,110.1
4,0.3207,0.4377,0.9794,0.9832,0.8950,0.9926,0.9909,4.53e-05,98.3
5,0.2193,0.4974,0.9862,0.9861,0.8900,0.9963,0.9946,4.28e-05,99.6
6,0.1514,0.2947,0.9901,0.9875,0.9350,0.9931,0.9964,3.98e-05,96.8
7,0.1315,0.5460,0.9892,0.9861,0.9000,0.9952,0.9939,3.65e-05,88.5
8,0.1019,0.2914,0.9923,0.9789,0.9500,0.9820,0.9950,3.29e-05,87.6
9,0.1017,0.6655,0.9929,0.9861,0.8700,0.9984,0.9969,2.91e-05,3449.7
10,0.0759,0.3113,0.9943,0.9875,0.9300,0.9936,0.9975,2.53e-05,99.3
11,0.0591,0.4659,0.9952,0.9919,0.9300,0.9984,0.9948,2.14e-05,103.5
12,0.0468,0.5175,0.9974,0.9890,0.9250,0.9958,0.9941,1.76e-05,102.4
13,0.0441,0.4283,0.9972,0.9880,0.9300,0.9942,0.9968,1.40e-05,422.5
14,0.0337,0.4495,0.9978,0.9895,0.9350,0.9952,0.9953,1.07e-05,120.2
15,0.0292,0.7078,0.9969,0.9885,0.9050,0.9974,0.9913,7.75e-06,115.1
