epoch,train_loss,val_loss,val_acc,val_auroc,val_sensitivity,val_specificity,lr
1,0.1289,0.1369,0.9294,0.9969,0.9075,0.9926,9.89e-05
2,0.0743,0.1808,0.9294,0.9974,0.9075,0.9926,9.57e-05
3,0.0597,0.0823,0.9714,0.9972,0.9769,0.9556,9.05e-05
4,0.0393,0.0858,0.9714,0.9987,0.964,0.9926,8.36e-05
5,0.0418,0.07,0.9809,0.9981,0.982,0.9778,7.52e-05
6,0.0259,0.0521,0.979,0.999,0.9769,0.9852,6.58e-05
7,0.0192,0.0662,0.9828,0.9982,0.982,0.9852,5.57e-05
8,0.014,0.0653,0.9714,0.9986,0.9666,0.9852,4.53e-05
9,0.0142,0.0624,0.9771,0.9986,0.9769,0.9778,3.52e-05
10,0.0027,0.0688,0.9771,0.9985,0.9769,0.9778,2.58e-05
11,0.0058,0.0702,0.9885,0.9983,0.9923,0.9778,1.74e-05
