image_id,image_path,dataset_source,anatomical_region,true_label,predicted_probability,predicted_label,decision_threshold,confidence_gap,risk_tier
1780_0522712740_05_WRI-R2_M017.png,D:\anvation\ml\data\bone fracture\images\1780_0522712740_05_WRI-R2_M017.png,graz_pediatric_wrist,wrist,1,0.51758,0,0.52,0.00242,Borderline (Margin < 0.10)
1376_1093594173_01_WRI-L1_F006.png,D:\anvation\ml\data\bone fracture\images\1376_1093594173_01_WRI-L1_F006.png,graz_pediatric_wrist,wrist,1,0.51514,0,0.52,0.00486,Borderline (Margin < 0.10)
3743_1013995148_01_WRI-L2_M014.png,D:\anvation\ml\data\bone fracture\images\3743_1013995148_01_WRI-L2_M014.png,graz_pediatric_wrist,wrist,1,0.51367,0,0.52,0.00633,Borderline (Margin < 0.10)
5352_0697690763_01_WRI-R1_M011.png,D:\anvation\ml\data\bone fracture\images\5352_0697690763_01_WRI-R1_M011.png,graz_pediatric_wrist,wrist,1,0.5127,0,0.52,0.0073,Borderline (Margin < 0.10)
0126_0816183836_01_WRI-L2_F008.png,D:\anvation\ml\data\bone fracture\images\0126_0816183836_01_WRI-L2_F008.png,graz_pediatric_wrist,wrist,1,0.51172,0,0.52,0.00828,Borderline (Margin < 0.10)
2641_0243412651_01_WRI-R2_F012.png,D:\anvation\ml\data\bone fracture\images\2641_0243412651_01_WRI-R2_F012.png,graz_pediatric_wrist,wrist,1,0.51025,0,0.52,0.00975,Borderline (Margin < 0.10)
1727_0660109141_01_WRI-R2_F012.png,D:\anvation\ml\data\bone fracture\images\1727_0660109141_01_WRI-R2_F012.png,graz_pediatric_wrist,wrist,1,0.50635,0,0.52,0.01365,Borderline (Margin < 0.10)
1560_0148337424_01_WRI-L1_M001.png,D:\anvation\ml\data\bone fracture\images\1560_0148337424_01_WRI-L1_M001.png,graz_pediatric_wrist,wrist,1,0.50391,0,0.52,0.01609,Borderline (Margin < 0.10)
2796_0758211815_01_WRI-R2_F008.png,D:\anvation\ml\data\bone fracture\images\2796_0758211815_01_WRI-R2_F008.png,graz_pediatric_wrist,wrist,1,0.50244,0,0.52,0.01756,Borderline (Margin < 0.10)
2952_1077742762_02_WRI-L2_M012.png,D:\anvation\ml\data\bone fracture\images\2952_1077742762_02_WRI-L2_M012.png,graz_pediatric_wrist,wrist,1,0.49829,0,0.52,0.02171,Borderline (Margin < 0.10)
1852_1088800906_03_WRI-R2_M010.png,D:\anvation\ml\data\bone fracture\images\1852_1088800906_03_WRI-R2_M010.png,graz_pediatric_wrist,wrist,1,0.4939,0,0.52,0.0261,Borderline (Margin < 0.10)
IMG0003523.jpg,D:\anvation\ml\data\FracAtlas\images\Fractured\IMG0003523.jpg,fracatlas,leg,1,0.4939,0,0.52,0.0261,Borderline (Margin < 0.10)
3861_0954431957_01_WRI-L1_M010.png,D:\anvation\ml\data\bone fracture\images\3861_0954431957_01_WRI-L1_M010.png,graz_pediatric_wrist,wrist,1,0.49243,0,0.52,0.02757,Borderline (Margin < 0.10)
3986_1039426455_01_WRI-L2_F012.png,D:\anvation\ml\data\bone fracture\images\3986_1039426455_01_WRI-L2_F012.png,graz_pediatric_wrist,wrist,1,0.49121,0,0.52,0.02879,Borderline (Margin < 0.10)
5647_0216841612_01_WRI-L2_M010.png,D:\anvation\ml\data\bone fracture\images\5647_0216841612_01_WRI-L2_M010.png,graz_pediatric_wrist,wrist,1,0.48682,0,0.52,0.03318,Borderline (Margin < 0.10)
4354_0803106614_03_WRI-L1_F011.png,D:\anvation\ml\data\bone fracture\images\4354_0803106614_03_WRI-L1_F011.png,graz_pediatric_wrist,wrist,1,0.48486,0,0.52,0.03514,Borderline (Margin < 0.10)
5534_1060192603_01_WRI-L1_M010.png,D:\anvation\ml\data\bone fracture\images\5534_1060192603_01_WRI-L1_M010.png,graz_pediatric_wrist,wrist,1,0.48291,0,0.52,0.03709,Borderline (Margin < 0.10)
4159_0508799981_01_WRI-L2_F011.png,D:\anvation\ml\data\bone fracture\images\4159_0508799981_01_WRI-L2_F011.png,graz_pediatric_wrist,wrist,1,0.48218,0,0.52,0.03782,Borderline (Margin < 0.10)
0529_0148204558_01_WRI-R1_F002.png,D:\anvation\ml\data\bone fracture\images\0529_0148204558_01_WRI-R1_F002.png,graz_pediatric_wrist,wrist,1,0.48022,0,0.52,0.03978,Borderline (Margin < 0.10)
IMG0003399.jpg,D:\anvation\ml\data\FracAtlas\images\Fractured\IMG0003399.jpg,fracatlas,hand,1,0.47852,0,0.52,0.04148,Borderline (Margin < 0.10)
1789_1228576870_04_WRI-R2_F011.png,D:\anvation\ml\data\bone fracture\images\1789_1228576870_04_WRI-R2_F011.png,graz_pediatric_wrist,wrist,1,0.47705,0,0.52,0.04295,Borderline (Margin < 0.10)
1461_0848766331_06_WRI-L2_M012.png,D:\anvation\ml\data\bone fracture\images\1461_0848766331_06_WRI-L2_M012.png,graz_pediatric_wrist,wrist,1,0.47632,0,0.52,0.04368,Borderline (Margin < 0.10)
0062_0612031092_01_WRI-R2_F005.png,D:\anvation\ml\data\bone fracture\images\0062_0612031092_01_WRI-R2_F005.png,graz_pediatric_wrist,wrist,1,0.47485,0,0.52,0.04515,Borderline (Margin < 0.10)
1360_0287469153_01_WRI-R1_F001.png,D:\anvation\ml\data\bone fracture\images\1360_0287469153_01_WRI-R1_F001.png,graz_pediatric_wrist,wrist,1,0.4707,0,0.52,0.0493,Borderline (Margin < 0.10)
4090_0591549449_01_WRI-R2_M015.png,D:\anvation\ml\data\bone fracture\images\4090_0591549449_01_WRI-R2_M015.png,graz_pediatric_wrist,wrist,1,0.46924,0,0.52,0.05076,Borderline (Margin < 0.10)
3469_0468223963_01_WRI-L2_M013.png,D:\anvation\ml\data\bone fracture\images\3469_0468223963_01_WRI-L2_M013.png,graz_pediatric_wrist,wrist,1,0.46265,0,0.52,0.05735,Borderline (Margin < 0.10)
5488_0742225787_01_WRI-L1_M010.png,D:\anvation\ml\data\bone fracture\images\5488_0742225787_01_WRI-L1_M010.png,graz_pediatric_wrist,wrist,1,0.46216,0,0.52,0.05784,Borderline (Margin < 0.10)
4162_0733703070_02_WRI-R2_M010.png,D:\anvation\ml\data\bone fracture\images\4162_0733703070_02_WRI-R2_M010.png,graz_pediatric_wrist,wrist,1,0.45898,0,0.52,0.06102,Borderline (Margin < 0.10)
0313_0954826683_08_WRI-R2_F015.png,D:\anvation\ml\data\bone fracture\images\0313_0954826683_08_WRI-R2_F015.png,graz_pediatric_wrist,wrist,1,0.45776,0,0.52,0.06224,Borderline (Margin < 0.10)
2412_0945640096_01_WRI-R1_M011.png,D:\anvation\ml\data\bone fracture\images\2412_0945640096_01_WRI-R1_M011.png,graz_pediatric_wrist,wrist,1,0.45288,0,0.52,0.06712,Borderline (Margin < 0.10)
0823_0912797796_02_WRI-L1_M009.png,D:\anvation\ml\data\bone fracture\images\0823_0912797796_02_WRI-L1_M009.png,graz_pediatric_wrist,wrist,1,0.45068,0,0.52,0.06932,Borderline (Margin < 0.10)
5403_0477827281_02_WRI-L1_F008.png,D:\anvation\ml\data\bone fracture\images\5403_0477827281_02_WRI-L1_F008.png,graz_pediatric_wrist,wrist,1,0.44995,0,0.52,0.07005,Borderline (Margin < 0.10)
2188_0958472869_01_WRI-L2_M013.png,D:\anvation\ml\data\bone fracture\images\2188_0958472869_01_WRI-L2_M013.png,graz_pediatric_wrist,wrist,1,0.44849,0,0.52,0.07151,Borderline (Margin < 0.10)
2619_0414489552_02_WRI-R2_M013.png,D:\anvation\ml\data\bone fracture\images\2619_0414489552_02_WRI-R2_M013.png,graz_pediatric_wrist,wrist,1,0.4436,0,0.52,0.0764,Borderline (Margin < 0.10)
0929_0778433111_01_WRI-R2_M002.png,D:\anvation\ml\data\bone fracture\images\0929_0778433111_01_WRI-R2_M002.png,graz_pediatric_wrist,wrist,1,0.44214,0,0.52,0.07786,Borderline (Margin < 0.10)
1010_0852395139_01_WRI-L1_F008.png,D:\anvation\ml\data\bone fracture\images\1010_0852395139_01_WRI-L1_F008.png,graz_pediatric_wrist,wrist,1,0.43848,0,0.52,0.08152,Borderline (Margin < 0.10)
1775_0376609755_03_WRI-L1_M014.png,D:\anvation\ml\data\bone fracture\images\1775_0376609755_03_WRI-L1_M014.png,graz_pediatric_wrist,wrist,1,0.43848,0,0.52,0.08152,Borderline (Margin < 0.10)
0126_0816183779_01_WRI-L1_F008.png,D:\anvation\ml\data\bone fracture\images\0126_0816183779_01_WRI-L1_F008.png,graz_pediatric_wrist,wrist,1,0.43799,0,0.52,0.08201,Borderline (Margin < 0.10)
4998_0594090511_04_WRI-L1_M010.png,D:\anvation\ml\data\bone fracture\images\4998_0594090511_04_WRI-L1_M010.png,graz_pediatric_wrist,wrist,1,0.43677,0,0.52,0.08323,Borderline (Margin < 0.10)
1470_0409995947_01_WRI-L1_F007.png,D:\anvation\ml\data\bone fracture\images\1470_0409995947_01_WRI-L1_F007.png,graz_pediatric_wrist,wrist,1,0.43481,0,0.52,0.08519,Borderline (Margin < 0.10)
3705_0611238324_03_WRI-L1_M014.png,D:\anvation\ml\data\bone fracture\images\3705_0611238324_03_WRI-L1_M014.png,graz_pediatric_wrist,wrist,1,0.43384,0,0.52,0.08616,Borderline (Margin < 0.10)
1461_0847559166_01_WRI-L1_M012.png,D:\anvation\ml\data\bone fracture\images\1461_0847559166_01_WRI-L1_M012.png,graz_pediatric_wrist,wrist,1,0.43384,0,0.52,0.08616,Borderline (Margin < 0.10)
4408_0721644198_01_WRI-R2_F013.png,D:\anvation\ml\data\bone fracture\images\4408_0721644198_01_WRI-R2_F013.png,graz_pediatric_wrist,wrist,1,0.42944,0,0.52,0.09056,Borderline (Margin < 0.10)
1272_0548500375_01_WRI-R2_F011.png,D:\anvation\ml\data\bone fracture\images\1272_0548500375_01_WRI-R2_F011.png,graz_pediatric_wrist,wrist,1,0.4292,0,0.52,0.0908,Borderline (Margin < 0.10)
1937_0601092545_01_WRI-L2_F001.png,D:\anvation\ml\data\bone fracture\images\1937_0601092545_01_WRI-L2_F001.png,graz_pediatric_wrist,wrist,1,0.42871,0,0.52,0.09129,Borderline (Margin < 0.10)
3741_1075256282_01_WRI-L1_M012.png,D:\anvation\ml\data\bone fracture\images\3741_1075256282_01_WRI-L1_M012.png,graz_pediatric_wrist,wrist,1,0.42725,0,0.52,0.09275,Borderline (Margin < 0.10)
1180_1179639329_01_WRI-L1_M014.png,D:\anvation\ml\data\bone fracture\images\1180_1179639329_01_WRI-L1_M014.png,graz_pediatric_wrist,wrist,1,0.42383,0,0.52,0.09617,Borderline (Margin < 0.10)
4162_0732145964_01_WRI-R1_M010.png,D:\anvation\ml\data\bone fracture\images\4162_0732145964_01_WRI-R1_M010.png,graz_pediatric_wrist,wrist,1,0.42163,0,0.52,0.09837,Borderline (Margin < 0.10)
3366_0906332992_01_WRI-R1_M004.png,D:\anvation\ml\data\bone fracture\images\3366_0906332992_01_WRI-R1_M004.png,graz_pediatric_wrist,wrist,1,0.42114,0,0.52,0.09886,Borderline (Margin < 0.10)
2169_1201109843_01_WRI-L2_F008.png,D:\anvation\ml\data\bone fracture\images\2169_1201109843_01_WRI-L2_F008.png,graz_pediatric_wrist,wrist,1,0.4209,0,0.52,0.0991,Borderline (Margin < 0.10)
5857_1139999167_02_WRI-R1_M015.png,D:\anvation\ml\data\bone fracture\images\5857_1139999167_02_WRI-R1_M015.png,graz_pediatric_wrist,wrist,1,0.41992,0,0.52,0.10008,Moderate Miss (Margin < 0.25)
0490_0671128615_01_WRI-R2_F012.png,D:\anvation\ml\data\bone fracture\images\0490_0671128615_01_WRI-R2_F012.png,graz_pediatric_wrist,wrist,1,0.41943,0,0.52,0.10057,Moderate Miss (Margin < 0.25)
0434_0917474432_01_WRI-L2_M012.png,D:\anvation\ml\data\bone fracture\images\0434_0917474432_01_WRI-L2_M012.png,graz_pediatric_wrist,wrist,1,0.41895,0,0.52,0.10105,Moderate Miss (Margin < 0.25)
5660_1091930949_04_WRI-R1_M014.png,D:\anvation\ml\data\bone fracture\images\5660_1091930949_04_WRI-R1_M014.png,graz_pediatric_wrist,wrist,1,0.41797,0,0.52,0.10203,Moderate Miss (Margin < 0.25)
4659_0563937801_01_WRI-R1_M009.png,D:\anvation\ml\data\bone fracture\images\4659_0563937801_01_WRI-R1_M009.png,graz_pediatric_wrist,wrist,1,0.41699,0,0.52,0.10301,Moderate Miss (Margin < 0.25)
1263_0954717389_04_WRI-R1_F012.png,D:\anvation\ml\data\bone fracture\images\1263_0954717389_04_WRI-R1_F012.png,graz_pediatric_wrist,wrist,1,0.41382,0,0.52,0.10618,Moderate Miss (Margin < 0.25)
IMG0003312.jpg,D:\anvation\ml\data\FracAtlas\images\Fractured\IMG0003312.jpg,fracatlas,hand,1,0.41333,0,0.52,0.10667,Moderate Miss (Margin < 0.25)
2270_1290752204_01_WRI-R2_M011.png,D:\anvation\ml\data\bone fracture\images\2270_1290752204_01_WRI-R2_M011.png,graz_pediatric_wrist,wrist,1,0.41138,0,0.52,0.10862,Moderate Miss (Margin < 0.25)
2122_0991788480_01_WRI-L1_F010.png,D:\anvation\ml\data\bone fracture\images\2122_0991788480_01_WRI-L1_F010.png,graz_pediatric_wrist,wrist,1,0.41113,0,0.52,0.10887,Moderate Miss (Margin < 0.25)
2636_1123939910_06_WRI-L1_M013.png,D:\anvation\ml\data\bone fracture\images\2636_1123939910_06_WRI-L1_M013.png,graz_pediatric_wrist,wrist,1,0.41089,0,0.52,0.10911,Moderate Miss (Margin < 0.25)
4998_0594090531_04_WRI-L2_M010.png,D:\anvation\ml\data\bone fracture\images\4998_0594090531_04_WRI-L2_M010.png,graz_pediatric_wrist,wrist,1,0.4104,0,0.52,0.1096,Moderate Miss (Margin < 0.25)
3598_1077606178_07_WRI-R1_M010.png,D:\anvation\ml\data\bone fracture\images\3598_1077606178_07_WRI-R1_M010.png,graz_pediatric_wrist,wrist,1,0.4104,0,0.52,0.1096,Moderate Miss (Margin < 0.25)
4568_0255518303_01_WRI-R2_F011.png,D:\anvation\ml\data\bone fracture\images\4568_0255518303_01_WRI-R2_F011.png,graz_pediatric_wrist,wrist,1,0.40527,0,0.52,0.11473,Moderate Miss (Margin < 0.25)
4172_0895248310_01_WRI-R1_M014.png,D:\anvation\ml\data\bone fracture\images\4172_0895248310_01_WRI-R1_M014.png,graz_pediatric_wrist,wrist,1,0.40405,0,0.52,0.11595,Moderate Miss (Margin < 0.25)
IMG0003382.jpg,D:\anvation\ml\data\FracAtlas\images\Fractured\IMG0003382.jpg,fracatlas,hand,1,0.4021,0,0.52,0.1179,Moderate Miss (Margin < 0.25)
5487_0254142029_03_WRI-L2_F009.png,D:\anvation\ml\data\bone fracture\images\5487_0254142029_03_WRI-L2_F009.png,graz_pediatric_wrist,wrist,1,0.40088,0,0.52,0.11912,Moderate Miss (Margin < 0.25)
2746_1132783737_01_WRI-L2_M009.png,D:\anvation\ml\data\bone fracture\images\2746_1132783737_01_WRI-L2_M009.png,graz_pediatric_wrist,wrist,1,0.40063,0,0.52,0.11937,Moderate Miss (Margin < 0.25)
5087_0909409261_01_WRI-L1_M007.png,D:\anvation\ml\data\bone fracture\images\5087_0909409261_01_WRI-L1_M007.png,graz_pediatric_wrist,wrist,1,0.40063,0,0.52,0.11937,Moderate Miss (Margin < 0.25)
1376_1093594271_01_WRI-L2_F006.png,D:\anvation\ml\data\bone fracture\images\1376_1093594271_01_WRI-L2_F006.png,graz_pediatric_wrist,wrist,1,0.40015,0,0.52,0.11985,Moderate Miss (Margin < 0.25)
5030_0303972529_01_WRI-L1_M006.png,D:\anvation\ml\data\bone fracture\images\5030_0303972529_01_WRI-L1_M006.png,graz_pediatric_wrist,wrist,1,0.39966,0,0.52,0.12034,Moderate Miss (Margin < 0.25)
1939_0276881912_01_WRI-R1_M011.png,D:\anvation\ml\data\bone fracture\images\1939_0276881912_01_WRI-R1_M011.png,graz_pediatric_wrist,wrist,1,0.39648,0,0.52,0.12352,Moderate Miss (Margin < 0.25)
IMG0003712.jpg,D:\anvation\ml\data\FracAtlas\images\Fractured\IMG0003712.jpg,fracatlas,hand,1,0.39185,0,0.52,0.12815,Moderate Miss (Margin < 0.25)
5810_0776929270_01_WRI-L1_F009.png,D:\anvation\ml\data\bone fracture\images\5810_0776929270_01_WRI-L1_F009.png,graz_pediatric_wrist,wrist,1,0.3916,0,0.52,0.1284,Moderate Miss (Margin < 0.25)
1529_0537799130_03_WRI-L2_M016.png,D:\anvation\ml\data\bone fracture\images\1529_0537799130_03_WRI-L2_M016.png,graz_pediatric_wrist,wrist,1,0.38745,0,0.52,0.13255,Moderate Miss (Margin < 0.25)
0473_1196675800_01_WRI-R1_M013.png,D:\anvation\ml\data\bone fracture\images\0473_1196675800_01_WRI-R1_M013.png,graz_pediatric_wrist,wrist,1,0.38379,0,0.52,0.13621,Moderate Miss (Margin < 0.25)
3389_0681443749_01_WRI-L2_M001.png,D:\anvation\ml\data\bone fracture\images\3389_0681443749_01_WRI-L2_M001.png,graz_pediatric_wrist,wrist,1,0.38306,0,0.52,0.13694,Moderate Miss (Margin < 0.25)
IMG0003510.jpg,D:\anvation\ml\data\FracAtlas\images\Fractured\IMG0003510.jpg,fracatlas,hand,1,0.37354,0,0.52,0.14646,Moderate Miss (Margin < 0.25)
6079_0512846922_01_WRI-R1_M011.png,D:\anvation\ml\data\bone fracture\images\6079_0512846922_01_WRI-R1_M011.png,graz_pediatric_wrist,wrist,1,0.37305,0,0.52,0.14695,Moderate Miss (Margin < 0.25)
5144_0421025567_01_WRI-R1_M013.png,D:\anvation\ml\data\bone fracture\images\5144_0421025567_01_WRI-R1_M013.png,graz_pediatric_wrist,wrist,1,0.37256,0,0.52,0.14744,Moderate Miss (Margin < 0.25)
1795_0285706563_01_WRI-L1_M009.png,D:\anvation\ml\data\bone fracture\images\1795_0285706563_01_WRI-L1_M009.png,graz_pediatric_wrist,wrist,1,0.36914,0,0.52,0.15086,Moderate Miss (Margin < 0.25)
0633_0672727912_01_WRI-L2_M015.png,D:\anvation\ml\data\bone fracture\images\0633_0672727912_01_WRI-L2_M015.png,graz_pediatric_wrist,wrist,1,0.3689,0,0.52,0.1511,Moderate Miss (Margin < 0.25)
0984_1147721672_01_WRI-L1_M011.png,D:\anvation\ml\data\bone fracture\images\0984_1147721672_01_WRI-L1_M011.png,graz_pediatric_wrist,wrist,1,0.36865,0,0.52,0.15135,Moderate Miss (Margin < 0.25)
4609_0655350725_01_WRI-L1_M014.png,D:\anvation\ml\data\bone fracture\images\4609_0655350725_01_WRI-L1_M014.png,graz_pediatric_wrist,wrist,1,0.36133,0,0.52,0.15867,Moderate Miss (Margin < 0.25)
5135_0557079008_02_WRI-R2_M011.png,D:\anvation\ml\data\bone fracture\images\5135_0557079008_02_WRI-R2_M011.png,graz_pediatric_wrist,wrist,1,0.35645,0,0.52,0.16355,Moderate Miss (Margin < 0.25)
0806_0608160818_01_WRI-R1_F008.png,D:\anvation\ml\data\bone fracture\images\0806_0608160818_01_WRI-R1_F008.png,graz_pediatric_wrist,wrist,1,0.35474,0,0.52,0.16526,Moderate Miss (Margin < 0.25)
2619_0415779729_04_WRI-R1_M013.png,D:\anvation\ml\data\bone fracture\images\2619_0415779729_04_WRI-R1_M013.png,graz_pediatric_wrist,wrist,1,0.354,0,0.52,0.166,Moderate Miss (Margin < 0.25)
2959_0543522835_01_WRI-L2_M011.png,D:\anvation\ml\data\bone fracture\images\2959_0543522835_01_WRI-L2_M011.png,graz_pediatric_wrist,wrist,1,0.35059,0,0.52,0.16941,Moderate Miss (Margin < 0.25)
5641_0732468062_01_WRI-R2_F011.png,D:\anvation\ml\data\bone fracture\images\5641_0732468062_01_WRI-R2_F011.png,graz_pediatric_wrist,wrist,1,0.3501,0,0.52,0.1699,Moderate Miss (Margin < 0.25)
5437_0444093067_01_WRI-L2_F009.png,D:\anvation\ml\data\bone fracture\images\5437_0444093067_01_WRI-L2_F009.png,graz_pediatric_wrist,wrist,1,0.3501,0,0.52,0.1699,Moderate Miss (Margin < 0.25)
5195_0607482049_01_WRI-L1_M011.png,D:\anvation\ml\data\bone fracture\images\5195_0607482049_01_WRI-L1_M011.png,graz_pediatric_wrist,wrist,1,0.34839,0,0.52,0.17161,Moderate Miss (Margin < 0.25)
1336_0744267416_01_WRI-R1_F007.png,D:\anvation\ml\data\bone fracture\images\1336_0744267416_01_WRI-R1_F007.png,graz_pediatric_wrist,wrist,1,0.34839,0,0.52,0.17161,Moderate Miss (Margin < 0.25)
5375_1062346404_01_WRI-R2_F016.png,D:\anvation\ml\data\bone fracture\images\5375_1062346404_01_WRI-R2_F016.png,graz_pediatric_wrist,wrist,1,0.34717,0,0.52,0.17283,Moderate Miss (Margin < 0.25)
2533_0368047920_01_WRI-R2_F015.png,D:\anvation\ml\data\bone fracture\images\2533_0368047920_01_WRI-R2_F015.png,graz_pediatric_wrist,wrist,1,0.34546,0,0.52,0.17454,Moderate Miss (Margin < 0.25)
1161_0907328267_01_WRI-R1_F012.png,D:\anvation\ml\data\bone fracture\images\1161_0907328267_01_WRI-R1_F012.png,graz_pediatric_wrist,wrist,1,0.34448,0,0.52,0.17552,Moderate Miss (Margin < 0.25)
4568_0255518272_01_WRI-R1_F011.png,D:\anvation\ml\data\bone fracture\images\4568_0255518272_01_WRI-R1_F011.png,graz_pediatric_wrist,wrist,1,0.34399,0,0.52,0.17601,Moderate Miss (Margin < 0.25)
1083_0589529740_01_WRI-R2_M007.png,D:\anvation\ml\data\bone fracture\images\1083_0589529740_01_WRI-R2_M007.png,graz_pediatric_wrist,wrist,1,0.34229,0,0.52,0.17771,Moderate Miss (Margin < 0.25)
2750_0745602889_04_WRI-L1_F014.png,D:\anvation\ml\data\bone fracture\images\2750_0745602889_04_WRI-L1_F014.png,graz_pediatric_wrist,wrist,1,0.34131,0,0.52,0.17869,Moderate Miss (Margin < 0.25)
3366_0906333049_02_WRI-R2_M004.png,D:\anvation\ml\data\bone fracture\images\3366_0906333049_02_WRI-R2_M004.png,graz_pediatric_wrist,wrist,1,0.34009,0,0.52,0.17991,Moderate Miss (Margin < 0.25)
3469_0468223927_01_WRI-L1_M013.png,D:\anvation\ml\data\bone fracture\images\3469_0468223927_01_WRI-L1_M013.png,graz_pediatric_wrist,wrist,1,0.33862,0,0.52,0.18138,Moderate Miss (Margin < 0.25)
2037_0472951904_01_WRI-R1_F008.png,D:\anvation\ml\data\bone fracture\images\2037_0472951904_01_WRI-R1_F008.png,graz_pediatric_wrist,wrist,1,0.33521,0,0.52,0.18479,Moderate Miss (Margin < 0.25)
0090_0755029134_01_WRI-L2_M014.png,D:\anvation\ml\data\bone fracture\images\0090_0755029134_01_WRI-L2_M014.png,graz_pediatric_wrist,wrist,1,0.33423,0,0.52,0.18577,Moderate Miss (Margin < 0.25)
5302_0667728002_01_WRI-L1_F006.png,D:\anvation\ml\data\bone fracture\images\5302_0667728002_01_WRI-L1_F006.png,graz_pediatric_wrist,wrist,1,0.3269,0,0.52,0.1931,Moderate Miss (Margin < 0.25)
4617_0620053067_02_WRI-L1_M012.png,D:\anvation\ml\data\bone fracture\images\4617_0620053067_02_WRI-L1_M012.png,graz_pediatric_wrist,wrist,1,0.3252,0,0.52,0.1948,Moderate Miss (Margin < 0.25)
1635_0835556205_01_WRI-L1_F011.png,D:\anvation\ml\data\bone fracture\images\1635_0835556205_01_WRI-L1_F011.png,graz_pediatric_wrist,wrist,1,0.32397,0,0.52,0.19603,Moderate Miss (Margin < 0.25)
1387_1012595124_01_WRI-L2_F001.png,D:\anvation\ml\data\bone fracture\images\1387_1012595124_01_WRI-L2_F001.png,graz_pediatric_wrist,wrist,1,0.32275,0,0.52,0.19725,Moderate Miss (Margin < 0.25)
2002_0201926220_01_WRI-L2_M004.png,D:\anvation\ml\data\bone fracture\images\2002_0201926220_01_WRI-L2_M004.png,graz_pediatric_wrist,wrist,1,0.32275,0,0.52,0.19725,Moderate Miss (Margin < 0.25)
0122_0625476019_01_WRI-R1_M005.png,D:\anvation\ml\data\bone fracture\images\0122_0625476019_01_WRI-R1_M005.png,graz_pediatric_wrist,wrist,1,0.32251,0,0.52,0.19749,Moderate Miss (Margin < 0.25)
4835_0843932287_01_WRI-R2_F013.png,D:\anvation\ml\data\bone fracture\images\4835_0843932287_01_WRI-R2_F013.png,graz_pediatric_wrist,wrist,1,0.32031,0,0.52,0.19969,Moderate Miss (Margin < 0.25)
0778_0839733344_01_WRI-L2_M010.png,D:\anvation\ml\data\bone fracture\images\0778_0839733344_01_WRI-L2_M010.png,graz_pediatric_wrist,wrist,1,0.32007,0,0.52,0.19993,Moderate Miss (Margin < 0.25)
0467_0369674799_01_WRI-R1_F003.png,D:\anvation\ml\data\bone fracture\images\0467_0369674799_01_WRI-R1_F003.png,graz_pediatric_wrist,wrist,1,0.31274,0,0.52,0.20726,Moderate Miss (Margin < 0.25)
IMG0003342.jpg,D:\anvation\ml\data\FracAtlas\images\Fractured\IMG0003342.jpg,fracatlas,hip,1,0.31128,0,0.52,0.20872,Moderate Miss (Margin < 0.25)
5210_0847046013_02_WRI-R2_M010.png,D:\anvation\ml\data\bone fracture\images\5210_0847046013_02_WRI-R2_M010.png,graz_pediatric_wrist,wrist,1,0.30981,0,0.52,0.21019,Moderate Miss (Margin < 0.25)
3756_0835322519_01_WRI-R2_M013.png,D:\anvation\ml\data\bone fracture\images\3756_0835322519_01_WRI-R2_M013.png,graz_pediatric_wrist,wrist,1,0.30786,0,0.52,0.21214,Moderate Miss (Margin < 0.25)
IMG0003419.jpg,D:\anvation\ml\data\FracAtlas\images\Fractured\IMG0003419.jpg,fracatlas,hand,1,0.30664,0,0.52,0.21336,Moderate Miss (Margin < 0.25)
3807_0384249758_01_WRI-L1_M014.png,D:\anvation\ml\data\bone fracture\images\3807_0384249758_01_WRI-L1_M014.png,graz_pediatric_wrist,wrist,1,0.30615,0,0.52,0.21385,Moderate Miss (Margin < 0.25)
5919_0138315591_01_WRI-R1_M009.png,D:\anvation\ml\data\bone fracture\images\5919_0138315591_01_WRI-R1_M009.png,graz_pediatric_wrist,wrist,1,0.30469,0,0.52,0.21531,Moderate Miss (Margin < 0.25)
4035_0346512944_01_WRI-L2_M008.png,D:\anvation\ml\data\bone fracture\images\4035_0346512944_01_WRI-L2_M008.png,graz_pediatric_wrist,wrist,1,0.29614,0,0.52,0.22386,Moderate Miss (Margin < 0.25)
0135_0883026095_01_WRI-R2_M015.png,D:\anvation\ml\data\bone fracture\images\0135_0883026095_01_WRI-R2_M015.png,graz_pediatric_wrist,wrist,1,0.29346,0,0.52,0.22654,Moderate Miss (Margin < 0.25)
0162_0374450841_01_WRI-R2_F007.png,D:\anvation\ml\data\bone fracture\images\0162_0374450841_01_WRI-R2_F007.png,graz_pediatric_wrist,wrist,1,0.29224,0,0.52,0.22776,Moderate Miss (Margin < 0.25)
5869_0820290967_01_WRI-R1_M009.png,D:\anvation\ml\data\bone fracture\images\5869_0820290967_01_WRI-R1_M009.png,graz_pediatric_wrist,wrist,1,0.28906,0,0.52,0.23094,Moderate Miss (Margin < 0.25)
0815_1084455994_01_WRI-L1_M006.png,D:\anvation\ml\data\bone fracture\images\0815_1084455994_01_WRI-L1_M006.png,graz_pediatric_wrist,wrist,1,0.28857,0,0.52,0.23143,Moderate Miss (Margin < 0.25)
0135_0884668136_02_WRI-R1_M015.png,D:\anvation\ml\data\bone fracture\images\0135_0884668136_02_WRI-R1_M015.png,graz_pediatric_wrist,wrist,1,0.28784,0,0.52,0.23216,Moderate Miss (Margin < 0.25)
2973_0909080180_01_WRI-L2_F012.png,D:\anvation\ml\data\bone fracture\images\2973_0909080180_01_WRI-L2_F012.png,graz_pediatric_wrist,wrist,1,0.28735,0,0.52,0.23265,Moderate Miss (Margin < 0.25)
4673_1151985522_03_WRI-L2_M009.png,D:\anvation\ml\data\bone fracture\images\4673_1151985522_03_WRI-L2_M009.png,graz_pediatric_wrist,wrist,1,0.28149,0,0.52,0.23851,Moderate Miss (Margin < 0.25)
3743_1013995119_01_WRI-L1_M014.png,D:\anvation\ml\data\bone fracture\images\3743_1013995119_01_WRI-L1_M014.png,graz_pediatric_wrist,wrist,1,0.28149,0,0.52,0.23851,Moderate Miss (Margin < 0.25)
4159_0508799956_01_WRI-L1_F011.png,D:\anvation\ml\data\bone fracture\images\4159_0508799956_01_WRI-L1_F011.png,graz_pediatric_wrist,wrist,1,0.27954,0,0.52,0.24046,Moderate Miss (Margin < 0.25)
1950_0701728970_01_WRI-L1_F010.png,D:\anvation\ml\data\bone fracture\images\1950_0701728970_01_WRI-L1_F010.png,graz_pediatric_wrist,wrist,1,0.27808,0,0.52,0.24192,Moderate Miss (Margin < 0.25)
2270_1290752170_01_WRI-R1_M011.png,D:\anvation\ml\data\bone fracture\images\2270_1290752170_01_WRI-R1_M011.png,graz_pediatric_wrist,wrist,1,0.27734,0,0.52,0.24266,Moderate Miss (Margin < 0.25)
2162_0654642135_01_WRI-L2_M013.png,D:\anvation\ml\data\bone fracture\images\2162_0654642135_01_WRI-L2_M013.png,graz_pediatric_wrist,wrist,1,0.27368,0,0.52,0.24632,Moderate Miss (Margin < 0.25)
2162_0654642065_01_WRI-L1_M013.png,D:\anvation\ml\data\bone fracture\images\2162_0654642065_01_WRI-L1_M013.png,graz_pediatric_wrist,wrist,1,0.27246,0,0.52,0.24754,Moderate Miss (Margin < 0.25)
3101_0291046609_04_WRI-R2_M015.png,D:\anvation\ml\data\bone fracture\images\3101_0291046609_04_WRI-R2_M015.png,graz_pediatric_wrist,wrist,1,0.27173,0,0.52,0.24827,Moderate Miss (Margin < 0.25)
0313_0979001130_11_WRI-R2_F016.png,D:\anvation\ml\data\bone fracture\images\0313_0979001130_11_WRI-R2_F016.png,graz_pediatric_wrist,wrist,1,0.27124,0,0.52,0.24876,Moderate Miss (Margin < 0.25)
4067_0667385884_03_WRI-L1_F010.png,D:\anvation\ml\data\bone fracture\images\4067_0667385884_03_WRI-L1_F010.png,graz_pediatric_wrist,wrist,1,0.27026,0,0.52,0.24974,Moderate Miss (Margin < 0.25)
IMG0003569.jpg,D:\anvation\ml\data\FracAtlas\images\Fractured\IMG0003569.jpg,fracatlas,leg,1,0.26782,0,0.52,0.25218,Severe False Negative
3817_0202987928_01_WRI-R2_F010.png,D:\anvation\ml\data\bone fracture\images\3817_0202987928_01_WRI-R2_F010.png,graz_pediatric_wrist,wrist,1,0.26489,0,0.52,0.25511,Severe False Negative
5984_0949354577_01_WRI-R2_F011.png,D:\anvation\ml\data\bone fracture\images\5984_0949354577_01_WRI-R2_F011.png,graz_pediatric_wrist,wrist,1,0.26099,0,0.52,0.25901,Severe False Negative
0247_0973779021_01_WRI-R1_M011.png,D:\anvation\ml\data\bone fracture\images\0247_0973779021_01_WRI-R1_M011.png,graz_pediatric_wrist,wrist,1,0.25879,0,0.52,0.26121,Severe False Negative
0434_0917474396_01_WRI-L1_M012.png,D:\anvation\ml\data\bone fracture\images\0434_0917474396_01_WRI-L1_M012.png,graz_pediatric_wrist,wrist,1,0.2583,0,0.52,0.2617,Severe False Negative
1775_0376609777_03_WRI-L2_M014.png,D:\anvation\ml\data\bone fracture\images\1775_0376609777_03_WRI-L2_M014.png,graz_pediatric_wrist,wrist,1,0.25464,0,0.52,0.26536,Severe False Negative
2813_1023033766_01_WRI-R2_F007.png,D:\anvation\ml\data\bone fracture\images\2813_1023033766_01_WRI-R2_F007.png,graz_pediatric_wrist,wrist,1,0.25415,0,0.52,0.26585,Severe False Negative
0822_0835446115_01_WRI-L2_F009.png,D:\anvation\ml\data\bone fracture\images\0822_0835446115_01_WRI-L2_F009.png,graz_pediatric_wrist,wrist,1,0.25366,0,0.52,0.26634,Severe False Negative
3698_0350610091_03_WRI-L1_F006.png,D:\anvation\ml\data\bone fracture\images\3698_0350610091_03_WRI-L1_F006.png,graz_pediatric_wrist,wrist,1,0.25366,0,0.52,0.26634,Severe False Negative
5098_0251078505_02_WRI-R1_F008.png,D:\anvation\ml\data\bone fracture\images\5098_0251078505_02_WRI-R1_F008.png,graz_pediatric_wrist,wrist,1,0.25293,0,0.52,0.26707,Severe False Negative
0537_1193881316_01_WRI-L1_F007.png,D:\anvation\ml\data\bone fracture\images\0537_1193881316_01_WRI-L1_F007.png,graz_pediatric_wrist,wrist,1,0.25171,0,0.52,0.26829,Severe False Negative
0313_0988079135_12_WRI-R2_F016.png,D:\anvation\ml\data\bone fracture\images\0313_0988079135_12_WRI-R2_F016.png,graz_pediatric_wrist,wrist,1,0.24695,0,0.52,0.27305,Severe False Negative
0274_0575934727_03_WRI-R2_M017.png,D:\anvation\ml\data\bone fracture\images\0274_0575934727_03_WRI-R2_M017.png,graz_pediatric_wrist,wrist,1,0.24561,0,0.52,0.27439,Severe False Negative
2751_1148778758_03_WRI-L2_M014.png,D:\anvation\ml\data\bone fracture\images\2751_1148778758_03_WRI-L2_M014.png,graz_pediatric_wrist,wrist,1,0.24451,0,0.52,0.27549,Severe False Negative
1775_0371150427_01_WRI-L2_M014.png,D:\anvation\ml\data\bone fracture\images\1775_0371150427_01_WRI-L2_M014.png,graz_pediatric_wrist,wrist,1,0.24329,0,0.52,0.27671,Severe False Negative
5816_1189920070_01_WRI-R1_M007.png,D:\anvation\ml\data\bone fracture\images\5816_1189920070_01_WRI-R1_M007.png,graz_pediatric_wrist,wrist,1,0.24243,0,0.52,0.27757,Severe False Negative
1167_0995069741_04_WRI-R2_F010.png,D:\anvation\ml\data\bone fracture\images\1167_0995069741_04_WRI-R2_F010.png,graz_pediatric_wrist,wrist,1,0.24097,0,0.52,0.27903,Severe False Negative
6056_0585618656_01_WRI-L1_M012.png,D:\anvation\ml\data\bone fracture\images\6056_0585618656_01_WRI-L1_M012.png,graz_pediatric_wrist,wrist,1,0.24072,0,0.52,0.27928,Severe False Negative
5857_1136552684_01_WRI-R1_M015.png,D:\anvation\ml\data\bone fracture\images\5857_1136552684_01_WRI-R1_M015.png,graz_pediatric_wrist,wrist,1,0.23657,0,0.52,0.28343,Severe False Negative
5210_0847045978_01_WRI-R1_M010.png,D:\anvation\ml\data\bone fracture\images\5210_0847045978_01_WRI-R1_M010.png,graz_pediatric_wrist,wrist,1,0.23499,0,0.52,0.28501,Severe False Negative
4040_1198630293_03_WRI-R2_F016.png,D:\anvation\ml\data\bone fracture\images\4040_1198630293_03_WRI-R2_F016.png,graz_pediatric_wrist,wrist,1,0.23303,0,0.52,0.28697,Severe False Negative
IMG0003564.jpg,D:\anvation\ml\data\FracAtlas\images\Fractured\IMG0003564.jpg,fracatlas,hand,1,0.23279,0,0.52,0.28721,Severe False Negative
1795_0285706606_01_WRI-L2_M009.png,D:\anvation\ml\data\bone fracture\images\1795_0285706606_01_WRI-L2_M009.png,graz_pediatric_wrist,wrist,1,0.22925,0,0.52,0.29075,Severe False Negative
2037_0472951973_01_WRI-R2_F008.png,D:\anvation\ml\data\bone fracture\images\2037_0472951973_01_WRI-R2_F008.png,graz_pediatric_wrist,wrist,1,0.22925,0,0.52,0.29075,Severe False Negative
2435_0158625809_01_WRI-L1_M016.png,D:\anvation\ml\data\bone fracture\images\2435_0158625809_01_WRI-L1_M016.png,graz_pediatric_wrist,wrist,1,0.22766,0,0.52,0.29234,Severe False Negative
1226_0717020980_03_WRI-L2_F011.png,D:\anvation\ml\data\bone fracture\images\1226_0717020980_03_WRI-L2_F011.png,graz_pediatric_wrist,wrist,1,0.22339,0,0.52,0.29661,Severe False Negative
5135_0559285975_05_WRI-R1_M011.png,D:\anvation\ml\data\bone fracture\images\5135_0559285975_05_WRI-R1_M011.png,graz_pediatric_wrist,wrist,1,0.22266,0,0.52,0.29734,Severe False Negative
0337_0236453884_01_WRI-L2_F011.png,D:\anvation\ml\data\bone fracture\images\0337_0236453884_01_WRI-L2_F011.png,graz_pediatric_wrist,wrist,1,0.2207,0,0.52,0.2993,Severe False Negative
3745_0977345734_03_WRI-L1_M014.png,D:\anvation\ml\data\bone fracture\images\3745_0977345734_03_WRI-L1_M014.png,graz_pediatric_wrist,wrist,1,0.22034,0,0.52,0.29966,Severe False Negative
2594_0758357403_01_WRI-L1_F011.png,D:\anvation\ml\data\bone fracture\images\2594_0758357403_01_WRI-L1_F011.png,graz_pediatric_wrist,wrist,1,0.22021,0,0.52,0.29979,Severe False Negative
IMG0003398.jpg,D:\anvation\ml\data\FracAtlas\images\Fractured\IMG0003398.jpg,fracatlas,hand,1,0.2157,0,0.52,0.3043,Severe False Negative
2066_0711535759_01_WRI-L2_F012.png,D:\anvation\ml\data\bone fracture\images\2066_0711535759_01_WRI-L2_F012.png,graz_pediatric_wrist,wrist,1,0.21399,0,0.52,0.30601,Severe False Negative
2876_0919186766_01_WRI-L1_M009.png,D:\anvation\ml\data\bone fracture\images\2876_0919186766_01_WRI-L1_M009.png,graz_pediatric_wrist,wrist,1,0.21228,0,0.52,0.30772,Severe False Negative
3115_0961592873_01_WRI-L1_M006.png,D:\anvation\ml\data\bone fracture\images\3115_0961592873_01_WRI-L1_M006.png,graz_pediatric_wrist,wrist,1,0.20789,0,0.52,0.31211,Severe False Negative
0208_1050745808_05_WRI-L1_F003.png,D:\anvation\ml\data\bone fracture\images\0208_1050745808_05_WRI-L1_F003.png,graz_pediatric_wrist,wrist,1,0.20789,0,0.52,0.31211,Severe False Negative
6085_0164782666_03_WRI-L2_M010.png,D:\anvation\ml\data\bone fracture\images\6085_0164782666_03_WRI-L2_M010.png,graz_pediatric_wrist,wrist,1,0.20764,0,0.52,0.31236,Severe False Negative
1727_0660109097_01_WRI-R1_F012.png,D:\anvation\ml\data\bone fracture\images\1727_0660109097_01_WRI-R1_F012.png,graz_pediatric_wrist,wrist,1,0.20593,0,0.52,0.31407,Severe False Negative
3296_0504234276_05_WRI-R1_F010.png,D:\anvation\ml\data\bone fracture\images\3296_0504234276_05_WRI-R1_F010.png,graz_pediatric_wrist,wrist,1,0.20337,0,0.52,0.31663,Severe False Negative
0313_0958524638_10_WRI-R2_F015.png,D:\anvation\ml\data\bone fracture\images\0313_0958524638_10_WRI-R2_F015.png,graz_pediatric_wrist,wrist,1,0.20276,0,0.52,0.31724,Severe False Negative
5839_0317796257_01_WRI-L1_F013.png,D:\anvation\ml\data\bone fracture\images\5839_0317796257_01_WRI-L1_F013.png,graz_pediatric_wrist,wrist,1,0.19897,0,0.52,0.32103,Severe False Negative
IMG0003619.jpg,D:\anvation\ml\data\FracAtlas\images\Fractured\IMG0003619.jpg,fracatlas,hand,1,0.19763,0,0.52,0.32237,Severe False Negative
IMG0003458.jpg,D:\anvation\ml\data\FracAtlas\images\Fractured\IMG0003458.jpg,fracatlas,leg,1,0.19739,0,0.52,0.32261,Severe False Negative
2538_0942613830_01_WRI-R2_M014.png,D:\anvation\ml\data\bone fracture\images\2538_0942613830_01_WRI-R2_M014.png,graz_pediatric_wrist,wrist,1,0.19666,0,0.52,0.32334,Severe False Negative
2565_1142351779_01_WRI-R1_F008.png,D:\anvation\ml\data\bone fracture\images\2565_1142351779_01_WRI-R1_F008.png,graz_pediatric_wrist,wrist,1,0.19531,0,0.52,0.32469,Severe False Negative
5135_0557078972_01_WRI-R1_M011.png,D:\anvation\ml\data\bone fracture\images\5135_0557078972_01_WRI-R1_M011.png,graz_pediatric_wrist,wrist,1,0.1947,0,0.52,0.3253,Severe False Negative
0697_0524893705_01_WRI-L2_M014.png,D:\anvation\ml\data\bone fracture\images\0697_0524893705_01_WRI-L2_M014.png,graz_pediatric_wrist,wrist,1,0.19214,0,0.52,0.32786,Severe False Negative
1950_0737408010_04_WRI-R2_F012.png,D:\anvation\ml\data\bone fracture\images\1950_0737408010_04_WRI-R2_F012.png,graz_pediatric_wrist,wrist,1,0.19153,0,0.52,0.32847,Severe False Negative
5604_0618703210_01_WRI-R2_M005.png,D:\anvation\ml\data\bone fracture\images\5604_0618703210_01_WRI-R2_M005.png,graz_pediatric_wrist,wrist,1,0.19116,0,0.52,0.32884,Severe False Negative
0465_1258032432_02_WRI-L2_M016.png,D:\anvation\ml\data\bone fracture\images\0465_1258032432_02_WRI-L2_M016.png,graz_pediatric_wrist,wrist,1,0.19043,0,0.52,0.32957,Severe False Negative
5822_0692913408_01_WRI-L2_M009.png,D:\anvation\ml\data\bone fracture\images\5822_0692913408_01_WRI-L2_M009.png,graz_pediatric_wrist,wrist,1,0.18982,0,0.52,0.33018,Severe False Negative
2815_1042731090_02_WRI-R2_F009.png,D:\anvation\ml\data\bone fracture\images\2815_1042731090_02_WRI-R2_F009.png,graz_pediatric_wrist,wrist,1,0.18872,0,0.52,0.33128,Severe False Negative
3587_0648249008_02_WRI-R1_F008.png,D:\anvation\ml\data\bone fracture\images\3587_0648249008_02_WRI-R1_F008.png,graz_pediatric_wrist,wrist,1,0.18823,0,0.52,0.33177,Severe False Negative
4813_0710361513_01_WRI-L1_M017.png,D:\anvation\ml\data\bone fracture\images\4813_0710361513_01_WRI-L1_M017.png,graz_pediatric_wrist,wrist,1,0.18286,0,0.52,0.33714,Severe False Negative
1824_0401323388_01_WRI-L2_M007.png,D:\anvation\ml\data\bone fracture\images\1824_0401323388_01_WRI-L2_M007.png,graz_pediatric_wrist,wrist,1,0.18201,0,0.52,0.33799,Severe False Negative
5719_0825297732_02_WRI-R1_F012.png,D:\anvation\ml\data\bone fracture\images\5719_0825297732_02_WRI-R1_F012.png,graz_pediatric_wrist,wrist,1,0.1814,0,0.52,0.3386,Severe False Negative
0055_0851472050_03_WRI-L1_F015.png,D:\anvation\ml\data\bone fracture\images\0055_0851472050_03_WRI-L1_F015.png,graz_pediatric_wrist,wrist,1,0.18115,0,0.52,0.33885,Severe False Negative
5839_0319939083_04_WRI-L1_F013.png,D:\anvation\ml\data\bone fracture\images\5839_0319939083_04_WRI-L1_F013.png,graz_pediatric_wrist,wrist,1,0.18054,0,0.52,0.33946,Severe False Negative
4040_1117318844_01_WRI-R1_F013.png,D:\anvation\ml\data\bone fracture\images\4040_1117318844_01_WRI-R1_F013.png,graz_pediatric_wrist,wrist,1,0.17981,0,0.52,0.34019,Severe False Negative
4794_1025249790_02_WRI-L2_F015.png,D:\anvation\ml\data\bone fracture\images\4794_1025249790_02_WRI-L2_F015.png,graz_pediatric_wrist,wrist,1,0.17761,0,0.52,0.34239,Severe False Negative
5219_0364561868_01_WRI-L1_M011.png,D:\anvation\ml\data\bone fracture\images\5219_0364561868_01_WRI-L1_M011.png,graz_pediatric_wrist,wrist,1,0.17712,0,0.52,0.34288,Severe False Negative
4987_0276310764_01_WRI-R1_F010.png,D:\anvation\ml\data\bone fracture\images\4987_0276310764_01_WRI-R1_F010.png,graz_pediatric_wrist,wrist,1,0.17114,0,0.52,0.34886,Severe False Negative
0276_0188681531_01_WRI-L1_M010.png,D:\anvation\ml\data\bone fracture\images\0276_0188681531_01_WRI-L1_M010.png,graz_pediatric_wrist,wrist,1,0.17114,0,0.52,0.34886,Severe False Negative
5962_1114067620_01_WRI-L1_M010.png,D:\anvation\ml\data\bone fracture\images\5962_1114067620_01_WRI-L1_M010.png,graz_pediatric_wrist,wrist,1,0.16931,0,0.52,0.35069,Severe False Negative
5375_1062346342_01_WRI-R1_F016.png,D:\anvation\ml\data\bone fracture\images\5375_1062346342_01_WRI-R1_F016.png,graz_pediatric_wrist,wrist,1,0.16638,0,0.52,0.35362,Severe False Negative
5804_0541158768_02_WRI-L2_M013.png,D:\anvation\ml\data\bone fracture\images\5804_0541158768_02_WRI-L2_M013.png,graz_pediatric_wrist,wrist,1,0.16467,0,0.52,0.35533,Severe False Negative
0090_0755029071_01_WRI-L1_M014.png,D:\anvation\ml\data\bone fracture\images\0090_0755029071_01_WRI-L1_M014.png,graz_pediatric_wrist,wrist,1,0.16394,0,0.52,0.35606,Severe False Negative
IMG0003586.jpg,D:\anvation\ml\data\FracAtlas\images\Fractured\IMG0003586.jpg,fracatlas,hand,1,0.16138,0,0.52,0.35862,Severe False Negative
4930_0880998262_01_WRI-L1_F010.png,D:\anvation\ml\data\bone fracture\images\4930_0880998262_01_WRI-L1_F010.png,graz_pediatric_wrist,wrist,1,0.16089,0,0.52,0.35911,Severe False Negative
1780_0475204073_01_WRI-R1_M015.png,D:\anvation\ml\data\bone fracture\images\1780_0475204073_01_WRI-R1_M015.png,graz_pediatric_wrist,wrist,1,0.15906,0,0.52,0.36094,Severe False Negative
4408_0721644151_01_WRI-R1_F013.png,D:\anvation\ml\data\bone fracture\images\4408_0721644151_01_WRI-R1_F013.png,graz_pediatric_wrist,wrist,1,0.15906,0,0.52,0.36094,Severe False Negative
IMG0003686.jpg,D:\anvation\ml\data\FracAtlas\images\Fractured\IMG0003686.jpg,fracatlas,leg,1,0.1554,0,0.52,0.3646,Severe False Negative
IMG0003628.jpg,D:\anvation\ml\data\FracAtlas\images\Fractured\IMG0003628.jpg,fracatlas,hand,1,0.15332,0,0.52,0.36668,Severe False Negative
4813_0712864277_07_WRI-L1_M017.png,D:\anvation\ml\data\bone fracture\images\4813_0712864277_07_WRI-L1_M017.png,graz_pediatric_wrist,wrist,1,0.15112,0,0.52,0.36888,Severe False Negative
1780_0505344006_04_WRI-R1_M016.png,D:\anvation\ml\data\bone fracture\images\1780_0505344006_04_WRI-R1_M016.png,graz_pediatric_wrist,wrist,1,0.14978,0,0.52,0.37022,Severe False Negative
5802_0999375582_01_WRI-R2_M011.png,D:\anvation\ml\data\bone fracture\images\5802_0999375582_01_WRI-R2_M011.png,graz_pediatric_wrist,wrist,1,0.14893,0,0.52,0.37107,Severe False Negative
2188_0959942032_03_WRI-L2_M013.png,D:\anvation\ml\data\bone fracture\images\2188_0959942032_03_WRI-L2_M013.png,graz_pediatric_wrist,wrist,1,0.14819,0,0.52,0.37181,Severe False Negative
3886_0726165158_02_WRI-L1_M018.png,D:\anvation\ml\data\bone fracture\images\3886_0726165158_02_WRI-L1_M018.png,graz_pediatric_wrist,wrist,1,0.14685,0,0.52,0.37315,Severe False Negative
IMG0003376.jpg,D:\anvation\ml\data\FracAtlas\images\Fractured\IMG0003376.jpg,fracatlas,hand,1,0.14453,0,0.52,0.37547,Severe False Negative
4040_1198630263_03_WRI-R1_F016.png,D:\anvation\ml\data\bone fracture\images\4040_1198630263_03_WRI-R1_F016.png,graz_pediatric_wrist,wrist,1,0.14136,0,0.52,0.37864,Severe False Negative
IMG0003459.jpg,D:\anvation\ml\data\FracAtlas\images\Fractured\IMG0003459.jpg,fracatlas,leg,1,0.14026,0,0.52,0.37974,Severe False Negative
0274_0575934663_03_WRI-R1_M017.png,D:\anvation\ml\data\bone fracture\images\0274_0575934663_03_WRI-R1_M017.png,graz_pediatric_wrist,wrist,1,0.13965,0,0.52,0.38035,Severe False Negative
1790_0880988823_01_WRI-R3_M011.png,D:\anvation\ml\data\bone fracture\images\1790_0880988823_01_WRI-R3_M011.png,graz_pediatric_wrist,wrist,1,0.1394,0,0.52,0.3806,Severe False Negative
1775_0372115963_02_WRI-L1_M014.png,D:\anvation\ml\data\bone fracture\images\1775_0372115963_02_WRI-L1_M014.png,graz_pediatric_wrist,wrist,1,0.13831,0,0.52,0.38169,Severe False Negative
0337_0236453855_01_WRI-L1_F011.png,D:\anvation\ml\data\bone fracture\images\0337_0236453855_01_WRI-L1_F011.png,graz_pediatric_wrist,wrist,1,0.13696,0,0.52,0.38304,Severe False Negative
2750_0743199903_03_WRI-L1_F014.png,D:\anvation\ml\data\bone fracture\images\2750_0743199903_03_WRI-L1_F014.png,graz_pediatric_wrist,wrist,1,0.13623,0,0.52,0.38377,Severe False Negative
5804_0525523343_01_WRI-R2_M013.png,D:\anvation\ml\data\bone fracture\images\5804_0525523343_01_WRI-R2_M013.png,graz_pediatric_wrist,wrist,1,0.13171,0,0.52,0.38829,Severe False Negative
1700_1170739537_08_WRI-R1_M012.png,D:\anvation\ml\data\bone fracture\images\1700_1170739537_08_WRI-R1_M012.png,graz_pediatric_wrist,wrist,1,0.13074,0,0.52,0.38926,Severe False Negative
0337_0237030064_02_WRI-L2_F012.png,D:\anvation\ml\data\bone fracture\images\0337_0237030064_02_WRI-L2_F012.png,graz_pediatric_wrist,wrist,1,0.12927,0,0.52,0.39073,Severe False Negative
0744_1247976494_01_WRI-L1_M010.png,D:\anvation\ml\data\bone fracture\images\0744_1247976494_01_WRI-L1_M010.png,graz_pediatric_wrist,wrist,1,0.1283,0,0.52,0.3917,Severe False Negative
2370_0571964788_01_WRI-L2_F014.png,D:\anvation\ml\data\bone fracture\images\2370_0571964788_01_WRI-L2_F014.png,graz_pediatric_wrist,wrist,1,0.1272,0,0.52,0.3928,Severe False Negative
1891_0748713506_01_WRI-L2_M009.png,D:\anvation\ml\data\bone fracture\images\1891_0748713506_01_WRI-L2_M009.png,graz_pediatric_wrist,wrist,1,0.12634,0,0.52,0.39366,Severe False Negative
IMG0003587.jpg,D:\anvation\ml\data\FracAtlas\images\Fractured\IMG0003587.jpg,fracatlas,hand,1,0.12537,0,0.52,0.39463,Severe False Negative
0254_0891615651_01_WRI-L1_F012.png,D:\anvation\ml\data\bone fracture\images\0254_0891615651_01_WRI-L1_F012.png,graz_pediatric_wrist,wrist,1,0.12512,0,0.52,0.39488,Severe False Negative
0239_0828413899_01_WRI-L1_M009.png,D:\anvation\ml\data\bone fracture\images\0239_0828413899_01_WRI-L1_M009.png,graz_pediatric_wrist,wrist,1,0.12128,0,0.52,0.39872,Severe False Negative
1529_0405249666_01_WRI-L1_M011.png,D:\anvation\ml\data\bone fracture\images\1529_0405249666_01_WRI-L1_M011.png,graz_pediatric_wrist,wrist,1,0.12036,0,0.52,0.39964,Severe False Negative
4804_0747563463_01_WRI-L1_F013.png,D:\anvation\ml\data\bone fracture\images\4804_0747563463_01_WRI-L1_F013.png,graz_pediatric_wrist,wrist,1,0.11963,0,0.52,0.40037,Severe False Negative
0144_0935667983_02_WRI-R1_M008.png,D:\anvation\ml\data\bone fracture\images\0144_0935667983_02_WRI-R1_M008.png,graz_pediatric_wrist,wrist,1,0.11932,0,0.52,0.40068,Severe False Negative
4408_0857716820_03_WRI-L2_F017.png,D:\anvation\ml\data\bone fracture\images\4408_0857716820_03_WRI-L2_F017.png,graz_pediatric_wrist,wrist,1,0.1192,0,0.52,0.4008,Severe False Negative
0465_1256559223_01_WRI-L2_M016.png,D:\anvation\ml\data\bone fracture\images\0465_1256559223_01_WRI-L2_M016.png,graz_pediatric_wrist,wrist,1,0.11694,0,0.52,0.40306,Severe False Negative
1083_0696760650_03_WRI-L1_M010.png,D:\anvation\ml\data\bone fracture\images\1083_0696760650_03_WRI-L1_M010.png,graz_pediatric_wrist,wrist,1,0.11633,0,0.52,0.40367,Severe False Negative
IMG0003397.jpg,D:\anvation\ml\data\FracAtlas\images\Fractured\IMG0003397.jpg,fracatlas,hand,1,0.11578,0,0.52,0.40422,Severe False Negative
3986_1039426398_01_WRI-L1_F012.png,D:\anvation\ml\data\bone fracture\images\3986_1039426398_01_WRI-L1_F012.png,graz_pediatric_wrist,wrist,1,0.11536,0,0.52,0.40464,Severe False Negative
1950_0701729004_02_WRI-L2_F010.png,D:\anvation\ml\data\bone fracture\images\1950_0701729004_02_WRI-L2_F010.png,graz_pediatric_wrist,wrist,1,0.11536,0,0.52,0.40464,Severe False Negative
1780_0537831509_06_WRI-R1_M017.png,D:\anvation\ml\data\bone fracture\images\1780_0537831509_06_WRI-R1_M017.png,graz_pediatric_wrist,wrist,1,0.11456,0,0.52,0.40544,Severe False Negative
1891_0748713469_01_WRI-L1_M009.png,D:\anvation\ml\data\bone fracture\images\1891_0748713469_01_WRI-L1_M009.png,graz_pediatric_wrist,wrist,1,0.11359,0,0.52,0.40641,Severe False Negative
0097_1108250210_01_WRI-R1_M015.png,D:\anvation\ml\data\bone fracture\images\0097_1108250210_01_WRI-R1_M015.png,graz_pediatric_wrist,wrist,1,0.11316,0,0.52,0.40684,Severe False Negative
1529_0405249700_01_WRI-L2_M011.png,D:\anvation\ml\data\bone fracture\images\1529_0405249700_01_WRI-L2_M011.png,graz_pediatric_wrist,wrist,1,0.1076,0,0.52,0.4124,Severe False Negative
5719_0823494380_01_WRI-R2_F011.png,D:\anvation\ml\data\bone fracture\images\5719_0823494380_01_WRI-R2_F011.png,graz_pediatric_wrist,wrist,1,0.10687,0,0.52,0.41313,Severe False Negative
1883_1017763026_02_WRI-L2_F011.png,D:\anvation\ml\data\bone fracture\images\1883_1017763026_02_WRI-L2_F011.png,graz_pediatric_wrist,wrist,1,0.10522,0,0.52,0.41478,Severe False Negative
0751_0352223192_01_WRI-L2_M015.png,D:\anvation\ml\data\bone fracture\images\0751_0352223192_01_WRI-L2_M015.png,graz_pediatric_wrist,wrist,1,0.10052,0,0.52,0.41948,Severe False Negative
1790_0880988787_01_WRI-R1_M011.png,D:\anvation\ml\data\bone fracture\images\1790_0880988787_01_WRI-R1_M011.png,graz_pediatric_wrist,wrist,1,0.0993,0,0.52,0.4207,Severe False Negative
2156_1053129089_01_WRI-R2_M013.png,D:\anvation\ml\data\bone fracture\images\2156_1053129089_01_WRI-R2_M013.png,graz_pediatric_wrist,wrist,1,0.09875,0,0.52,0.42125,Severe False Negative
2641_0269610208_02_WRI-R1_F013.png,D:\anvation\ml\data\bone fracture\images\2641_0269610208_02_WRI-R1_F013.png,graz_pediatric_wrist,wrist,1,0.09753,0,0.52,0.42247,Severe False Negative
1767_0154453085_01_WRI-R2_M011.png,D:\anvation\ml\data\bone fracture\images\1767_0154453085_01_WRI-R2_M011.png,graz_pediatric_wrist,wrist,1,0.09552,0,0.52,0.42448,Severe False Negative
4813_0712136964_05_WRI-L1_M017.png,D:\anvation\ml\data\bone fracture\images\4813_0712136964_05_WRI-L1_M017.png,graz_pediatric_wrist,wrist,1,0.09552,0,0.52,0.42448,Severe False Negative
2952_1077742706_02_WRI-L1_M012.png,D:\anvation\ml\data\bone fracture\images\2952_1077742706_02_WRI-L1_M012.png,graz_pediatric_wrist,wrist,1,0.09467,0,0.52,0.42533,Severe False Negative
0879_0714410936_01_WRI-R2_M015.png,D:\anvation\ml\data\bone fracture\images\0879_0714410936_01_WRI-R2_M015.png,graz_pediatric_wrist,wrist,1,0.0932,0,0.52,0.4268,Severe False Negative
1950_0737407980_03_WRI-R1_F012.png,D:\anvation\ml\data\bone fracture\images\1950_0737407980_03_WRI-R1_F012.png,graz_pediatric_wrist,wrist,1,0.09076,0,0.52,0.42924,Severe False Negative
5836_1060572040_02_WRI-L2_F014.png,D:\anvation\ml\data\bone fracture\images\5836_1060572040_02_WRI-L2_F014.png,graz_pediatric_wrist,wrist,1,0.08899,0,0.52,0.43101,Severe False Negative
5822_0692913351_01_WRI-L1_M009.png,D:\anvation\ml\data\bone fracture\images\5822_0692913351_01_WRI-L1_M009.png,graz_pediatric_wrist,wrist,1,0.08832,0,0.52,0.43168,Severe False Negative
4183_0775803648_01_WRI-L1_F013.png,D:\anvation\ml\data\bone fracture\images\4183_0775803648_01_WRI-L1_F013.png,graz_pediatric_wrist,wrist,1,0.0863,0,0.52,0.4337,Severe False Negative
IMG0003297.jpg,D:\anvation\ml\data\FracAtlas\images\Fractured\IMG0003297.jpg,fracatlas,leg,1,0.08618,0,0.52,0.43382,Severe False Negative
IMG0003298.jpg,D:\anvation\ml\data\FracAtlas\images\Fractured\IMG0003298.jpg,fracatlas,mixed,1,0.08618,0,0.52,0.43382,Severe False Negative
1780_0522712705_05_WRI-R1_M017.png,D:\anvation\ml\data\bone fracture\images\1780_0522712705_05_WRI-R1_M017.png,graz_pediatric_wrist,wrist,1,0.08588,0,0.52,0.43412,Severe False Negative
3741_1075256316_01_WRI-L2_M012.png,D:\anvation\ml\data\bone fracture\images\3741_1075256316_01_WRI-L2_M012.png,graz_pediatric_wrist,wrist,1,0.08496,0,0.52,0.43504,Severe False Negative
4617_0652336928_03_WRI-L1_M013.png,D:\anvation\ml\data\bone fracture\images\4617_0652336928_03_WRI-L1_M013.png,graz_pediatric_wrist,wrist,1,0.08466,0,0.52,0.43534,Severe False Negative
5381_0723559988_01_WRI-L2_F008.png,D:\anvation\ml\data\bone fracture\images\5381_0723559988_01_WRI-L2_F008.png,graz_pediatric_wrist,wrist,1,0.08417,0,0.52,0.43583,Severe False Negative
3024_1078602547_02_WRI-R1_M011.png,D:\anvation\ml\data\bone fracture\images\3024_1078602547_02_WRI-R1_M011.png,graz_pediatric_wrist,wrist,1,0.08282,0,0.52,0.43718,Severe False Negative
2533_0368047843_01_WRI-R1_F015.png,D:\anvation\ml\data\bone fracture\images\2533_0368047843_01_WRI-R1_F015.png,graz_pediatric_wrist,wrist,1,0.08252,0,0.52,0.43748,Severe False Negative
0879_0714410907_01_WRI-R1_M015.png,D:\anvation\ml\data\bone fracture\images\0879_0714410907_01_WRI-R1_M015.png,graz_pediatric_wrist,wrist,1,0.0824,0,0.52,0.4376,Severe False Negative
3756_0835322418_01_WRI-R1_M013.png,D:\anvation\ml\data\bone fracture\images\3756_0835322418_01_WRI-R1_M013.png,graz_pediatric_wrist,wrist,1,0.08179,0,0.52,0.43821,Severe False Negative
5839_0317796190_01_WRI-L1_F013.png,D:\anvation\ml\data\bone fracture\images\5839_0317796190_01_WRI-L1_F013.png,graz_pediatric_wrist,wrist,1,0.08051,0,0.52,0.43949,Severe False Negative
2881_0500274906_01_WRI-L1_F012.png,D:\anvation\ml\data\bone fracture\images\2881_0500274906_01_WRI-L1_F012.png,graz_pediatric_wrist,wrist,1,0.07764,0,0.52,0.44236,Severe False Negative
IMG0003620.jpg,D:\anvation\ml\data\FracAtlas\images\Fractured\IMG0003620.jpg,fracatlas,hand,1,0.07721,0,0.52,0.44279,Severe False Negative
IMG0003383.jpg,D:\anvation\ml\data\FracAtlas\images\Fractured\IMG0003383.jpg,fracatlas,hand,1,0.07611,0,0.52,0.44389,Severe False Negative
1790_0880988857_01_WRI-R2_M011.png,D:\anvation\ml\data\bone fracture\images\1790_0880988857_01_WRI-R2_M011.png,graz_pediatric_wrist,wrist,1,0.07489,0,0.52,0.44511,Severe False Negative
5437_0444093031_01_WRI-L1_F009.png,D:\anvation\ml\data\bone fracture\images\5437_0444093031_01_WRI-L1_F009.png,graz_pediatric_wrist,wrist,1,0.07355,0,0.52,0.44645,Severe False Negative
4037_0881979274_01_WRI-R1_M010.png,D:\anvation\ml\data\bone fracture\images\4037_0881979274_01_WRI-R1_M010.png,graz_pediatric_wrist,wrist,1,0.0708,0,0.52,0.4492,Severe False Negative
3622_0205345313_01_WRI-L1_M002.png,D:\anvation\ml\data\bone fracture\images\3622_0205345313_01_WRI-L1_M002.png,graz_pediatric_wrist,wrist,1,0.07068,0,0.52,0.44932,Severe False Negative
4090_0591549411_01_WRI-R1_M015.png,D:\anvation\ml\data\bone fracture\images\4090_0591549411_01_WRI-R1_M015.png,graz_pediatric_wrist,wrist,1,0.07031,0,0.52,0.44969,Severe False Negative
2973_0909080144_01_WRI-L1_F012.png,D:\anvation\ml\data\bone fracture\images\2973_0909080144_01_WRI-L1_F012.png,graz_pediatric_wrist,wrist,1,0.06927,0,0.52,0.45073,Severe False Negative
5872_0528155857_01_WRI-L2_M010.png,D:\anvation\ml\data\bone fracture\images\5872_0528155857_01_WRI-L2_M010.png,graz_pediatric_wrist,wrist,1,0.06781,0,0.52,0.45219,Severe False Negative
3226_0636709363_01_WRI-R1_F007.png,D:\anvation\ml\data\bone fracture\images\3226_0636709363_01_WRI-R1_F007.png,graz_pediatric_wrist,wrist,1,0.06732,0,0.52,0.45268,Severe False Negative
2606_0369512520_01_WRI-L1_F012.png,D:\anvation\ml\data\bone fracture\images\2606_0369512520_01_WRI-L1_F012.png,graz_pediatric_wrist,wrist,1,0.06348,0,0.52,0.45652,Severe False Negative
3415_0192293287_01_WRI-L1_M017.png,D:\anvation\ml\data\bone fracture\images\3415_0192293287_01_WRI-L1_M017.png,graz_pediatric_wrist,wrist,1,0.06064,0,0.52,0.45936,Severe False Negative
3473_0921548015_02_WRI-R2_M014.png,D:\anvation\ml\data\bone fracture\images\3473_0921548015_02_WRI-R2_M014.png,graz_pediatric_wrist,wrist,1,0.05911,0,0.52,0.46089,Severe False Negative
1407_0719149567_01_WRI-L1_M017.png,D:\anvation\ml\data\bone fracture\images\1407_0719149567_01_WRI-L1_M017.png,graz_pediatric_wrist,wrist,1,0.05371,0,0.52,0.46629,Severe False Negative
1727_0768355894_02_WRI-R1_F016.png,D:\anvation\ml\data\bone fracture\images\1727_0768355894_02_WRI-R1_F016.png,graz_pediatric_wrist,wrist,1,0.05194,0,0.52,0.46806,Severe False Negative
1998_0236227472_01_WRI-R2_F014.png,D:\anvation\ml\data\bone fracture\images\1998_0236227472_01_WRI-R2_F014.png,graz_pediatric_wrist,wrist,1,0.05005,0,0.52,0.46995,Severe False Negative
IMG0003309.jpg,D:\anvation\ml\data\FracAtlas\images\Fractured\IMG0003309.jpg,fracatlas,leg,1,0.0495,0,0.52,0.4705,Severe False Negative
1727_0768355947_02_WRI-R2_F016.png,D:\anvation\ml\data\bone fracture\images\1727_0768355947_02_WRI-R2_F016.png,graz_pediatric_wrist,wrist,1,0.04779,0,0.52,0.47221,Severe False Negative
0169_0941423122_01_WRI-L2_M014.png,D:\anvation\ml\data\bone fracture\images\0169_0941423122_01_WRI-L2_M014.png,graz_pediatric_wrist,wrist,1,0.04663,0,0.52,0.47337,Severe False Negative
IMG0003545.jpg,D:\anvation\ml\data\FracAtlas\images\Fractured\IMG0003545.jpg,fracatlas,leg,1,0.0463,0,0.52,0.4737,Severe False Negative
5742_0396222229_01_WRI-L2_M015.png,D:\anvation\ml\data\bone fracture\images\5742_0396222229_01_WRI-L2_M015.png,graz_pediatric_wrist,wrist,1,0.04568,0,0.52,0.47432,Severe False Negative
1780_0478651753_03_WRI-R1_M015.png,D:\anvation\ml\data\bone fracture\images\1780_0478651753_03_WRI-R1_M015.png,graz_pediatric_wrist,wrist,1,0.04108,0,0.52,0.47892,Severe False Negative
2473_0491938927_01_WRI-R1_M014.png,D:\anvation\ml\data\bone fracture\images\2473_0491938927_01_WRI-R1_M014.png,graz_pediatric_wrist,wrist,1,0.04068,0,0.52,0.47932,Severe False Negative
0342_0364797081_01_WRI-L2_M007.png,D:\anvation\ml\data\bone fracture\images\0342_0364797081_01_WRI-L2_M007.png,graz_pediatric_wrist,wrist,1,0.0332,0,0.52,0.4868,Severe False Negative
IMG0003301.jpg,D:\anvation\ml\data\FracAtlas\images\Fractured\IMG0003301.jpg,fracatlas,hand,1,0.03278,0,0.52,0.48722,Severe False Negative
3387_0647637833_01_WRI-L2_F011.png,D:\anvation\ml\data\bone fracture\images\3387_0647637833_01_WRI-L2_F011.png,graz_pediatric_wrist,wrist,1,0.03223,0,0.52,0.48777,Severe False Negative
5295_0354057572_01_WRI-L2_M015.png,D:\anvation\ml\data\bone fracture\images\5295_0354057572_01_WRI-L2_M015.png,graz_pediatric_wrist,wrist,1,0.03085,0,0.52,0.48915,Severe False Negative
2606_0369512555_01_WRI-L2_F012.png,D:\anvation\ml\data\bone fracture\images\2606_0369512555_01_WRI-L2_F012.png,graz_pediatric_wrist,wrist,1,0.03038,0,0.52,0.48962,Severe False Negative
1891_0949179606_03_WRI-R1_M016.png,D:\anvation\ml\data\bone fracture\images\1891_0949179606_03_WRI-R1_M016.png,graz_pediatric_wrist,wrist,1,0.02982,0,0.52,0.49018,Severe False Negative
6029_0303256007_01_WRI-R1_M001.png,D:\anvation\ml\data\bone fracture\images\6029_0303256007_01_WRI-R1_M001.png,graz_pediatric_wrist,wrist,1,0.02753,0,0.52,0.49247,Severe False Negative
IMG0003520.jpg,D:\anvation\ml\data\FracAtlas\images\Fractured\IMG0003520.jpg,fracatlas,leg,1,0.02405,0,0.52,0.49595,Severe False Negative
2917_0828455572_01_WRI-R2_M000.png,D:\anvation\ml\data\bone fracture\images\2917_0828455572_01_WRI-R2_M000.png,graz_pediatric_wrist,wrist,1,0.01802,0,0.52,0.50198,Severe False Negative
IMG0003396.jpg,D:\anvation\ml\data\FracAtlas\images\Fractured\IMG0003396.jpg,fracatlas,hand,1,0.0107,0,0.52,0.5093,Severe False Negative
IMG0003625.jpg,D:\anvation\ml\data\FracAtlas\images\Fractured\IMG0003625.jpg,fracatlas,leg,1,0.00803,0,0.52,0.51197,Severe False Negative
IMG0003420.jpg,D:\anvation\ml\data\FracAtlas\images\Fractured\IMG0003420.jpg,fracatlas,hand,1,0.0079,0,0.52,0.5121,Severe False Negative
IMG0003626.jpg,D:\anvation\ml\data\FracAtlas\images\Fractured\IMG0003626.jpg,fracatlas,leg,1,0.00587,0,0.52,0.51413,Severe False Negative
IMG0003311.jpg,D:\anvation\ml\data\FracAtlas\images\Fractured\IMG0003311.jpg,fracatlas,hand,1,0.00573,0,0.52,0.51427,Severe False Negative
5719_0825297763_02_WRI-R2_F012.png,D:\anvation\ml\data\bone fracture\images\5719_0825297763_02_WRI-R2_F012.png,graz_pediatric_wrist,wrist,1,0.00393,0,0.52,0.51607,Severe False Negative
IMG0003310.jpg,D:\anvation\ml\data\FracAtlas\images\Fractured\IMG0003310.jpg,fracatlas,hand,1,0.00112,0,0.52,0.51888,Severe False Negative
IMG0003519.jpg,D:\anvation\ml\data\FracAtlas\images\Fractured\IMG0003519.jpg,fracatlas,leg,1,0.00091,0,0.52,0.51909,Severe False Negative
IMG0003308.jpg,D:\anvation\ml\data\FracAtlas\images\Fractured\IMG0003308.jpg,fracatlas,leg,1,0.0004,0,0.52,0.5196,Severe False Negative
IMG0003671.jpg,D:\anvation\ml\data\FracAtlas\images\Fractured\IMG0003671.jpg,fracatlas,mixed,1,1e-05,0,0.52,0.51999,Severe False Negative
