epoch,train_loss,val_loss,learning_rate,duration_seconds,macro_anatomy_auroc,composite_score,per_anatomy_auroc,auroc,average_precision,sensitivity,specificity,precision,f1,balanced_accuracy,brier_score,tp,tn,fp,fn
1,0.7283273291782691,0.15074042952360642,0.000989084726566536,1.607320000010077,0.7812221404728024,0.8055442498023411,"{'hand': 0.7054263565891472, 'leg': 0.8010471204188482, 'mixed': 0.8017241379310344, 'wrist': 0.8166909469521796}",0.8298663591318797,0.8961146771373469,0.8426138978370916,0.6,0.7861743237440961,0.8134162594402488,0.7213069489185457,0.16580498218536377,1831,747,498,342
2,0.17001955908425112,0.13473674172787306,0.0009568159560924792,1.7569878000067547,0.7955083626432442,0.8114904887233413,"{'hand': 0.7377260981912144, 'leg': 0.9002959253357614, 'mixed': 0.730603448275862, 'wrist': 0.8134079787701392}",0.8274726148034384,0.8953945639907318,0.7050161067648413,0.7807228915662651,0.8487534626038781,0.7702362996480644,0.7428694991655531,0.16806474328041077,1532,972,273,641
3,0.10736293014056357,0.11130910872052886,0.0009046039886902865,1.5991485000122339,0.7933014180135811,0.7926659711598667,"{'hand': 0.7563307493540051, 'leg': 0.8882312770316412, 'mixed': 0.771551724137931, 'wrist': 0.757091921530747}",0.7920305243061523,0.8749208928392316,0.9567418315692591,0.314859437751004,0.7090723055934516,0.8144955925563173,0.6358006346601315,0.1735420525074005,2079,392,853,94
4,0.0760281778591198,0.0984199511692704,0.0008347307378762499,1.6145662000053562,0.7778386914554005,0.7998580845763299,"{'hand': 0.7284237726098192, 'leg': 0.8695652173913044, 'mixed': 0.709051724137931, 'wrist': 0.8043140516825475}",0.8218774776972593,0.8813331487852327,0.8499769903359411,0.5694779116465863,0.7750734368443138,0.8107989464442493,0.7097274509912637,0.17153778672218323,1847,709,536,326
5,0.05593846969518066,0.10407116005579724,0.0007502500000000003,1.6057343000429682,0.7779227829648154,0.8094292731332633,"{'hand': 0.7873385012919896, 'leg': 0.8310949237423173, 'mixed': 0.6702586206896552, 'wrist': 0.8229990861352994}",0.8409357633017113,0.891571576562064,0.975609756097561,0.2859437751004016,0.7045530076437354,0.8182169046700116,0.6307767655989813,0.16867172718048096,2120,356,889,53
6,0.046993360097475755,0.0866433884915795,0.0006548539886902865,1.8848967000376433,0.8154367644257349,0.8481214117262269,"{'hand': 0.7927648578811369, 'leg': 0.8773048030958344, 'mixed': 0.7198275862068966, 'wrist': 0.871849810519072}",0.8808060590267189,0.9191182174680017,0.8812701334560515,0.6859437751004016,0.8304423243712056,0.8551015851752624,0.7836069542782266,0.15169699490070343,1915,854,391,258
7,0.03806131545454483,0.0897405557639596,0.0005527119674021932,1.7842682999907993,0.8103450853530934,0.8468654995015457,"{'hand': 0.8330749354005167, 'leg': 0.8417937628044616, 'mixed': 0.6939655172413792, 'wrist': 0.8725461259660161}",0.883385913649998,0.9211986078254961,0.883571099861942,0.6811244979919678,0.8286577470867501,0.8552338530066815,0.7823477989269549,0.15363997220993042,1920,848,397,253
8,0.034968054496720476,0.09080994203076369,0.0004482880325978074,1.658342899987474,0.8266675685835834,0.8556011510436587,"{'hand': 0.8237726098191215, 'leg': 0.8652401547917141, 'mixed': 0.7392241379310345, 'wrist': 0.8784333717924638}",0.8845347335037341,0.9163997910160873,0.859180855959503,0.7646586345381526,0.8643518518518518,0.8617585968151397,0.8119197452488278,0.16357271373271942,1867,952,293,306
9,0.032110349988216456,0.09126904041595177,0.000346146011309714,1.602039400022477,0.8263185288133965,0.8595938753770407,"{'hand': 0.8170542635658915, 'leg': 0.8670612337810153, 'mixed': 0.7370689655172413, 'wrist': 0.8840896523894379}",0.8928692219406849,0.9238709585770891,0.8762080073630925,0.7309236947791165,0.8503796337650736,0.8631006346328196,0.8035658510711045,0.1590125411748886,1904,910,335,269
10,0.026780030523495448,0.0911073189047849,0.0002507500000000002,1.595467000035569,0.817305775103359,0.8607547140939277,"{'hand': 0.8170542635658915, 'leg': 0.8445253812884134, 'mixed': 0.7112068965517242, 'wrist': 0.8964365590074073}",0.9042036530844964,0.9373896544679345,0.8334100322135297,0.8401606425702811,0.9009950248756219,0.8658857279464499,0.8367853373919054,0.14470545947551727,1811,1046,199,362
11,0.025716954340926412,0.08992632561962181,0.00016626926212375052,1.5961064000148326,0.8180643015782243,0.8596985069639265,"{'hand': 0.8188630490956073, 'leg': 0.8590940132028226, 'mixed': 0.7004310344827586, 'wrist': 0.8938691095317088}",0.9013327123496286,0.9331215236268859,0.8913943856419696,0.7333333333333333,0.8536800352578229,0.8721296713192256,0.8123638594876514,0.144024059176445,1937,913,332,236
12,0.022814862371610782,0.09347388441818824,9.639601130971382e-05,1.6892639999859966,0.8225914335747029,0.8637116391052471,"{'hand': 0.8253229974160208, 'leg': 0.8561347598452083, 'mixed': 0.7112068965517241, 'wrist': 0.8977010804858583}",0.9048318446357912,0.9338265931433612,0.8706856879889554,0.7734939759036145,0.8702851885924563,0.8704853922245227,0.8220898319462849,0.14542479813098907,1892,963,282,281
13,0.023400640764937464,0.09252840623852451,4.418404390752082e-05,1.7390527999959886,0.8261155789895082,0.8660971905411856,"{'hand': 0.8214470284237725, 'leg': 0.8656954245390394, 'mixed': 0.7176724137931034, 'wrist': 0.8996474492021177}",0.906078802092863,0.9357510206052729,0.8812701334560515,0.763855421686747,0.866908103214124,0.8740301232314012,0.8225627775713993,0.14667916297912598,1915,951,294,258
14,0.021956630488786984,0.09412293209688331,1.1915273433464063e-05,1.6591816000291146,0.8210386296334147,0.8637596114842796,"{'hand': 0.8087855297157622, 'leg': 0.8595492829501479, 'mixed': 0.7155172413793103, 'wrist': 0.9003024644884383}",0.9064805933351445,0.9369463809875077,0.8766682006442706,0.7710843373493976,0.8698630136986302,0.8732523493009398,0.8238762689968342,0.1477569341659546,1905,960,285,268
15,0.021267018076609582,0.09394602217281542,1e-06,1.411769500002265,0.8224219121906211,0.864454579461301,"{'hand': 0.8103359173126614, 'leg': 0.8586387434554974, 'mixed': 0.7198275862068966, 'wrist': 0.9008854017874289}",0.9064872467319809,0.9365365004811477,0.8647031753336402,0.7959839357429719,0.8809188935771214,0.8727357176033441,0.8303435555383061,0.14696724712848663,1879,991,254,294
